ICICIBANK.NS,HDFCBANK.NS
275.85662841796875,418.4199523925781
278.92626953125,419.923095703125
282.6330871582031,421.70379638671875
280.0763854980469,423.6463928222656
280.0433044433594,430.19110107421875
276.990234375,425.03399658203125
278.2065124511719,431.162353515625
278.4877624511719,428.54913330078125
279.3234558105469,424.6871032714844
286.3977966308594,431.4630126953125
293.4472351074219,437.1752014160156
287.4816589355469,441.0372314453125
283.03851318359375,439.9965515136719
285.15667724609375,438.5396423339844
290.31964111328125,442.7023010253906
290.940185546875,439.3952941894531
292.98388671875,436.29632568359375
296.8892517089844,431.5786437988281
299.6859130859375,435.4175720214844
297.70013427734375,436.0419921875
292.73565673828125,428.82666015625
289.9225158691406,428.6416320800781
291.2877197265625,430.7923889160156
287.89532470703125,431.8099365234375
286.5301513671875,430.8385925292969
285.661376953125,435.4638366699219
273.6226501464844,428.1791076660156
274.98785400390625,426.375244140625
286.0750732421875,432.0180358886719
294.5559997558594,435.44073486328125
297.20361328125,445.7317810058594
292.07373046875,443.90478515625
292.1564636230469,437.1982727050781
290.3775939941406,438.77081298828125
288.88824462890625,440.1815490722656
289.79840087890625,442.3785095214844
292.1564636230469,440.13531494140625
291.49456787109375,440.34344482421875
299.7686767578125,446.4718017578125
300.3891906738281,442.7023010253906
287.6471862792969,435.8106994628906
279.8695983886719,437.0826416015625
287.4816589355469,446.2637023925781
282.84820556640625,451.2589111328125
286.7369689941406,447.2812194824219
282.0621643066406,445.5699157714844
278.7525634765625,445.82427978515625
291.94970703125,459.35302734375
292.77703857421875,463.145751953125
298.5275573730469,464.62579345703125
304.278076171875,472.211181640625
304.857177734375,471.7486267089844
305.97418212890625,472.34991455078125
306.7188720703125,482.3172607421875
317.3095703125,496.7710876464844
317.76470947265625,489.5093994140625
314.6618347167969,506.46087646484375
298.4447937011719,498.29730224609375
291.12225341796875,500.2630920410156
286.7784423828125,492.1689758300781
285.1649475097656,493.83392333984375
277.6769104003906,497.90411376953125
272.5056457519531,487.2662048339844
264.810791015625,481.06842041015625
273.9122009277344,487.7055969238281
276.9321594238281,489.5326232910156
280.6142272949219,497.67291259765625
284.5030517578125,492.95526123046875
279.7041015625,493.7647399902344
283.3032531738281,497.1180114746094
280.1177673339844,499.4305419921875
273.8294982910156,496.3085021972656
272.2160949707031,493.7414855957031
269.77520751953125,493.8109130859375
266.83795166015625,486.780517578125
265.8450927734375,480.1665344238281
277.3873291015625,487.49737548828125
288.8055419921875,500.7025451660156
288.474609375,501.072509765625
289.0537414550781,492.7239990234375
287.7298278808594,501.88177490234375
275.3601989746094,489.8100891113281
276.0634765625,486.8268737792969
275.2361145019531,488.6306457519531
279.8281555175781,487.7750244140625
273.2089538574219,482.24786376953125
274.2431640625,486.36431884765625
277.0563659667969,489.37066650390625
277.0150146484375,491.91455078125
273.2089538574219,486.6649169921875
263.6110534667969,488.37628173828125
259.6395263671875,484.606689453125
258.06744384765625,480.0740051269531
262.2044677734375,478.3626708984375
254.7991943359375,465.7358703613281
260.2601013183594,469.2972717285156
263.6937255859375,479.5883483886719
261.0460510253906,473.0205993652344
267.375732421875,477.900146484375
265.8036193847656,477.29888916015625
262.6181640625,477.66888427734375
260.715087890625,478.9638977050781
265.26593017578125,488.4687805175781
263.3628234863281,482.24786376953125
262.2044677734375,480.46722412109375
260.63238525390625,477.1601257324219
258.56390380859375,476.2350769042969
256.578125,470.96234130859375
257.4468994140625,464.8801574707031
257.1986389160156,463.90887451171875
258.9361877441406,468.580322265625
258.02606201171875,468.765380859375
255.04734802246094,465.5046081542969
250.1243438720703,465.0420837402344
270.43707275390625,464.62579345703125
273.1675720214844,459.35302734375
273.99493408203125,457.341064453125
272.4642639160156,462.9607849121094
271.76104736328125,456.8092041015625
258.2742919921875,448.9231872558594
252.0273895263672,439.9965515136719
262.2872314453125,454.1959533691406
267.66534423828125,458.0348205566406
255.00604248046875,449.547607421875
262.82501220703125,458.0117492675781
260.59100341796875,458.38177490234375
258.43975830078125,457.9423522949219
261.6666564941406,467.0771484375
260.9219970703125,466.0133972167969
263.7351989746094,473.6449890136719
259.4326477050781,473.94561767578125
259.47406005859375,473.7606201171875
258.2742919921875,473.4137268066406
256.24713134765625,475.1944274902344
259.10174560546875,480.1665344238281
260.21868896484375,476.1194763183594
262.49407958984375,485.9018249511719
261.8321838378906,479.2646179199219
251.9446563720703,466.59149169921875
244.7048797607422,465.0882873535156
244.1577606201172,469.43603515625
239.10801696777344,467.9559326171875
238.30844116210938,464.1170349121094
241.6328887939453,463.376953125
246.17770385742188,469.7366027832031
242.81118774414062,462.61383056640625
249.0813446044922,466.7533874511719
251.81668090820312,464.9264831542969
254.21534729003906,466.4065246582031
253.6261749267578,464.6951904296875
255.3094024658203,471.5867004394531
256.3193664550781,476.6282043457031
265.15655517578125,484.3291931152344
263.85205078125,486.6186828613281
267.428955078125,483.704833984375
264.94610595703125,492.58514404296875
262.3370666503906,491.59075927734375
261.9162292480469,488.72308349609375
259.2230224609375,493.57965087890625
262.75787353515625,495.9847106933594
263.43121337890625,493.118896484375
264.7357482910156,500.5979919433594
265.2407531738281,504.9086608886719
263.09454345703125,506.4696044921875
258.84423828125,498.08172607421875
260.4855041503906,500.5049743652344
263.5575256347656,508.287109375
266.292724609375,510.80352783203125
263.8099670410156,508.79962158203125
264.8198547363281,511.0597229003906
266.88189697265625,519.4476318359375
267.17645263671875,517.5137939453125
265.7877197265625,519.7041015625
262.1266174316406,511.68890380859375
266.6293640136719,519.3079833984375
263.3470153808594,516.2789916992188
252.99496459960938,516.255615234375
244.99942016601562,510.66357421875
239.86544799804688,516.5585327148438
243.4423828125,516.4887084960938
244.91525268554688,517.5137939453125
254.50990295410156,518.0264282226562
263.3470153808594,510.4540100097656
264.3149108886719,506.2832946777344
262.04248046875,508.9627990722656
261.7900390625,510.7101745605469
261.03253173828125,509.1724548339844
260.56964111328125,510.1044616699219
254.38360595703125,510.12774658203125
245.46231079101562,498.82733154296875
245.6727752685547,502.13592529296875
254.67823791503906,513.4364013671875
254.93072509765625,508.6366271972656
253.41574096679688,506.23663330078125
256.2773132324219,504.1396789550781
251.0170440673828,500.8077697753906
249.5442352294922,494.56353759765625
227.19886779785156,474.8750305175781
238.60301208496094,474.5954284667969
234.01608276367188,472.2887878417969
237.7193145751953,476.2962951660156
238.77134704589844,479.02239990234375
233.88987731933594,478.7893981933594
228.04049682617188,466.0443420410156
222.90652465820312,463.73773193359375
224.58981323242188,470.7975158691406
216.93092346191406,464.15704345703125
209.6508331298828,458.7515563964844
219.4979705810547,467.8850402832031
222.65406799316406,473.59356689453125
225.05270385742188,471.1237487792969
225.178955078125,470.8907470703125
229.2608642578125,475.17791748046875
225.97853088378906,472.1256408691406
229.6396484375,476.87884521484375
233.84779357910156,489.1811828613281
235.0681610107422,490.6723937988281
227.703857421875,480.2806091308594
230.06045532226562,488.9248962402344
225.8101806640625,489.9500732421875
225.641845703125,487.6201171875
226.39932250976562,496.1944580078125
227.53553771972656,498.0585021972656
224.80023193359375,497.5225830078125
236.4568328857422,511.82861328125
237.97177124023438,506.0502624511719
238.1821746826172,506.88916015625
234.35276794433594,504.7221374511719
240.79124450683594,506.1434631347656
242.0537109375,503.5339660644531
241.92747497558594,501.5766296386719
238.09805297851562,505.4910888671875
241.0016632080078,505.21148681640625
243.61073303222656,512.6209106445312
241.71707153320312,511.5723571777344
240.8754425048828,510.2208251953125
237.92970275878906,510.267578125
240.91749572753906,516.5585327148438
240.1600341796875,513.2965698242188
238.77134704589844,517.6768798828125
228.2509307861328,517.9566040039062
228.46131896972656,514.2518920898438
233.13238525390625,512.4110717773438
235.27854919433594,504.7221374511719
235.1944122314453,505.56103515625
230.06045532226562,504.06976318359375
227.2830352783203,503.2076721191406
224.80023193359375,503.69708251953125
221.47576904296875,496.1944580078125
221.18121337890625,491.4413146972656
220.29747009277344,490.2530212402344
224.92649841308594,494.4002990722656
225.4314422607422,494.3305358886719
219.203369140625,488.6452331542969
224.21107482910156,498.1051025390625
222.99072265625,499.0137634277344
223.8323211669922,496.7769775390625
221.6440887451172,495.9847412109375
222.191162109375,495.79827880859375
227.2830352783203,502.998046875
230.22877502441406,502.2290954589844
230.52333068847656,504.67559814453125
227.57762145996094,502.25238037109375
223.7061309814453,501.76312255859375
220.04501342773438,493.445068359375
221.39163208007812,494.8663330078125
220.04501342773438,488.9481506347656
218.3617401123047,488.109375
217.94093322753906,494.2371826171875
209.81915283203125,487.5967712402344
209.56666564941406,491.6510314941406
207.37840270996094,493.701416015625
212.1336669921875,497.3594665527344
213.05941772460938,503.39410400390625
210.49244689941406,500.0155334472656
217.30967712402344,501.134033203125
218.44590759277344,496.9632873535156
220.38165283203125,500.5281677246094
217.09925842285156,500.4815673828125
222.2332763671875,501.9961242675781
222.82241821289062,502.3222961425781
220.80245971679688,500.6214599609375
219.9608154296875,504.279541015625
221.34951782226562,507.3551025390625
215.07937622070312,498.8505859375
216.0472412109375,495.0760192871094
210.49244689941406,497.2662353515625
207.67298889160156,492.1868591308594
206.24217224121094,495.052734375
201.529052734375,493.30523681640625
199.2566375732422,487.8763732910156
201.57115173339844,494.027587890625
198.41502380371094,489.1811828613281
188.90455627441406,485.6395568847656
187.76837158203125,478.0437927246094
192.52359008789062,482.6805114746094
188.86248779296875,474.5255432128906
190.46157836914062,476.71575927734375
195.89012145996094,480.1175537109375
198.6675262451172,485.1735534667969
199.7195281982422,482.6105651855469
196.26885986328125,480.7698974609375
193.70188903808594,489.227783203125
182.802734375,493.84112548828125
177.07962036132812,491.0685119628906
171.73526000976562,486.4317626953125
171.651123046875,488.9248962402344
176.23797607421875,491.7441101074219
175.52261352539062,482.70379638671875
176.23797607421875,478.1370849609375
174.42848205566406,472.0324401855469
167.69544982910156,454.4876403808594
162.89808654785156,452.67022705078125
171.27236938476562,453.6954345703125
165.465087890625,453.6255798339844
160.54153442382812,454.30126953125
165.0863494873047,461.08154296875
167.31666564941406,461.0115966796875
167.0220947265625,460.75531005859375
161.59356689453125,452.0411376953125
157.38540649414062,442.5115051269531
154.0188751220703,439.2727966308594
155.5338134765625,447.8238525390625
159.95237731933594,452.87994384765625
172.49273681640625,458.6117248535156
185.1593017578125,469.35296630859375
183.47604370117188,473.3838806152344
185.5801239013672,475.5740051269531
182.50814819335938,472.5916748046875
182.0873565673828,477.5545654296875
181.37196350097656,475.9002380371094
179.98326110839844,479.3718566894531
186.54800415039062,478.8360595703125
186.29550170898438,478.4399108886719
190.54576110839844,480.1873779296875
191.6819610595703,474.5721740722656
193.7439422607422,479.2320556640625
197.6575469970703,487.2472839355469
196.60549926757812,491.0917663574219
197.11050415039062,488.9947509765625
189.74620056152344,488.1326904296875
188.02085876464844,491.0685119628906
199.88787841796875,496.2643127441406
199.17251586914062,499.1535339355469
200.56117248535156,496.0313720703125
200.93992614746094,498.17486572265625
189.8724365234375,492.7693176269531
187.3054656982422,494.6566467285156
185.4117889404297,491.8606262207031
186.2113494873047,493.6546630859375
189.11497497558594,499.060302734375
192.52359008789062,495.35565185546875
202.53904724121094,504.09307861328125
199.59332275390625,506.912353515625
200.3507843017578,511.5956115722656
212.97528076171875,508.4735412597656
212.091552734375,508.9394226074219
212.89109802246094,509.4520568847656
213.81690979003906,519.0516357421875
205.8634796142578,523.8746337890625
202.07611083984375,519.0982055664062
199.42498779296875,527.672607421875
190.84030151367188,520.8223266601562
186.08511352539062,520.9854125976562
180.48822021484375,525.3425903320312
180.6565704345703,527.6492919921875
183.9810028076172,521.7543334960938
189.61996459960938,531.889892578125
189.7882843017578,533.5208740234375
188.48374938964844,530.6781616210938
195.090576171875,535.47802734375
190.62991333007812,531.65673828125
188.31541442871094,541.8623046875
190.16702270507812,537.505126953125
190.58782958984375,531.5403442382812
189.83035278320312,530.9113159179688
185.2434844970703,531.65673828125
186.08511352539062,529.722900390625
188.98873901367188,531.214111328125
197.7838134765625,546.7552490234375
202.95986938476562,551.3919067382812
204.6431427001953,553.0462036132812
205.7793426513672,549.7608642578125
205.9055633544922,550.7628173828125
202.03402709960938,547.6173095703125
203.12815856933594,547.5239868164062
205.14810180664062,546.0328369140625
204.9376983642578,545.72998046875
213.8590087890625,546.9415283203125
216.84677124023438,541.76904296875
214.2377166748047,540.27783203125
212.5965576171875,541.1865234375
205.14810180664062,537.2488403320312
206.1580352783203,536.7593994140625
208.6829376220703,545.0076293945312
205.33303833007812,541.559326171875
204.81765747070312,545.2173461914062
204.51702880859375,546.1727905273438
204.3022918701172,543.65625
205.2900848388672,545.9163208007812
206.92210388183594,554.5839233398438
198.37548828125,541.4427490234375
199.87867736816406,540.5341186523438
200.26524353027344,543.796142578125
203.2715606689453,548.893798828125
206.62149047851562,552.72265625
206.4496612548828,551.8065795898438
213.1495361328125,551.0079345703125
210.52972412109375,547.6251220703125
210.31495666503906,557.045166015625
207.82400512695312,551.970947265625
214.60972595214844,563.6696166992188
224.78834533691406,564.7972412109375
224.31591796875,562.72998046875
230.71514892578125,563.951416015625
228.26712036132812,574.9217529296875
226.24856567382812,576.6835327148438
231.18756103515625,572.4083251953125
229.770263671875,578.915283203125
224.96014404296875,577.2239990234375
226.29150390625,578.2576293945312
230.75807189941406,585.84521484375
224.74542236328125,582.0161743164062
232.43304443359375,581.1470336914062
233.6355743408203,586.5498657226562
225.819091796875,585.4928588867188
214.30911254882812,583.6605834960938
210.7014617919922,584.13037109375
207.95286560058594,582.7913208007812
206.4496612548828,583.0497436523438
211.2598419189453,586.9258422851562
210.65853881835938,587.0901489257812
210.74444580078125,585.962646484375
205.59072875976562,576.4253540039062
208.46823120117188,577.0595703125
211.2598419189453,577.2708740234375
213.4931182861328,576.6132202148438
212.67709350585938,580.1837768554688
217.2295379638672,588.4527587890625
218.0885009765625,585.9157104492188
216.67123413085938,587.4191284179688
214.91038513183594,587.9594116210938
213.4071807861328,592.8221435546875
212.11875915527344,591.2951049804688
210.7014617919922,590.6139526367188
215.1680450439453,581.6873168945312
220.1070556640625,596.040283203125
221.61021423339844,606.6348876953125
224.14413452148438,603.1112060546875
224.4447784423828,603.7689819335938
234.2368621826172,610.9573364257812
238.91815185546875,604.544189453125
237.3720245361328,605.7891235351562
235.4393768310547,606.2590942382812
230.37155151367188,601.3258666992188
233.16314697265625,596.4161987304688
232.43304443359375,601.1848754882812
229.6414337158203,609.7590942382812
233.29200744628906,606.1416015625
233.72146606445312,605.3427734375
231.831787109375,607.4805297851562
236.64190673828125,614.0110473632812
232.99134826660156,616.7360229492188
225.51844787597656,608.9605712890625
223.328125,609.8531494140625
223.97235107421875,608.5376586914062
215.0392303466797,600.1983032226562
216.58534240722656,598.0136108398438
220.02114868164062,604.7555541992188
221.78199768066406,605.8597412109375
219.4198760986328,604.2387084960938
215.81228637695312,602.2890625
215.25393676757812,601.65478515625
214.82447814941406,603.4166259765625
207.1368408203125,593.268310546875
207.6521759033203,592.8221435546875
222.2544403076172,581.4993286132812
232.21832275390625,590.9663696289062
227.66586303710938,591.201171875
238.4457244873047,589.8621826171875
238.27391052246094,597.0035400390625
244.41546630859375,593.6443481445312
248.4525146484375,587.4191284179688
239.1328887939453,582.2510986328125
244.2007293701172,588.2648315429688
237.801513671875,591.530029296875
236.5130615234375,591.8823852539062
233.5496826171875,585.4694213867188
231.70294189453125,589.603759765625
231.74588012695312,584.3182373046875
239.3905792236328,587.0197143554688
243.25587463378906,589.2984008789062
241.752685546875,587.865478515625
251.3300323486328,600.691650390625
237.41497802734375,599.399658203125
231.70294189453125,589.5099487304688
228.6536407470703,584.6236572265625
229.8991241455078,577.9756469726562
227.27932739257812,569.1430053710938
224.35887145996094,563.1762084960938
225.64732360839844,562.870849609375
227.5799560546875,556.6222534179688
222.72683715820312,547.578125
223.41404724121094,558.760009765625
219.29104614257812,556.4813232421875
219.4198760986328,553.8033447265625
228.0953369140625,563.5990600585938
222.59803771972656,562.4949951171875
222.8986358642578,558.6659545898438
224.0582275390625,562.0722045898438
224.18707275390625,561.1795043945312
222.21148681640625,555.1422729492188
225.6902618408203,563.5521850585938
230.58628845214844,562.9883422851562
227.49403381347656,556.4813232421875
227.1074981689453,557.3269653320312
223.80055236816406,552.3702392578125
223.5858154296875,552.7930908203125
219.54873657226562,555.47119140625
220.83714294433594,552.8636474609375
216.11289978027344,555.2833251953125
217.5301971435547,554.390625
217.27249145507812,551.1487426757812
216.32763671875,557.3269653320312
213.1495361328125,552.0415649414062
217.78787231445312,556.8336791992188
216.24176025390625,557.5618286132812
215.68344116210938,566.2301635742188
219.29104614257812,566.6998901367188
216.41354370117188,562.4244995117188
218.51797485351562,559.0418701171875
215.68344116210938,556.974609375
220.96600341796875,557.303466796875
221.7390594482422,560.8037719726562
222.21148681640625,561.5319213867188
223.49993896484375,570.5289916992188
227.36521911621094,579.760986328125
230.50038146972656,580.2308959960938
230.2427215576172,579.0563354492188
231.31640625,586.1740112304688
230.54331970214844,581.875244140625
230.58628845214844,583.8015747070312
231.65997314453125,580.841552734375
226.29150390625,580.8651733398438
221.22369384765625,584.7646484375
220.88009643554688,595.5236206054688
223.28515625,606.3529052734375
233.6355743408203,606.9638061523438
232.60484313964844,603.698486328125
231.01576232910156,604.4971923828125
241.36618041992188,613.4473266601562
245.48916625976562,610.1585083007812
241.8385772705078,615.9608764648438
249.35446166992188,617.393798828125
247.46475219726562,614.1286010742188
245.48916625976562,613.423828125
244.802001953125,609.6652221679688
241.88156127929688,612.460693359375
241.92446899414062,615.5614624023438
244.50137329101562,615.9843139648438
241.15142822265625,621.1992797851562
239.4764862060547,623.8773193359375
243.08407592773438,646.9690551757812
242.52577209472656,662.0269165039062
244.63018798828125,665.0574340820312
245.78977966308594,657.3522338867188
244.37249755859375,655.0736083984375
239.51939392089844,654.7447509765625
237.3720245361328,653.1002807617188
239.73414611816406,653.8284301757812
239.3476104736328,648.4020385742188
237.02842712402344,646.9456176757812
237.7156219482422,648.70751953125
237.07139587402344,651.26806640625
235.69705200195312,654.0869750976562
234.92401123046875,655.0265502929688
232.39007568359375,657.7985229492188
246.73464965820312,662.7786254882812
244.93081665039062,665.550537109375
244.37249755859375,665.9028930664062
241.0225830078125,669.8964233398438
236.25538635253906,674.7120971679688
233.6785430908203,676.9907836914062
227.62290954589844,672.26904296875
229.29788208007812,672.26904296875
235.99769592285156,669.1917114257812
234.62338256835938,662.3793334960938
237.93035888671875,667.2418823242188
242.3968963623047,671.1885375976562
241.66680908203125,688.8536376953125
237.801513671875,677.7424926757812
246.26220703125,673.3496704101562
244.67315673828125,672.9501953125
241.23731994628906,675.8396606445312
238.2310028076172,676.004150390625
238.4886474609375,673.7960205078125
243.6424102783203,676.3095703125
241.19436645507812,678.2827758789062
242.9123077392578,676.6854248046875
242.56869506835938,675.0410766601562
243.42767333984375,679.9741821289062
240.97962951660156,680.7728271484375
234.27978515625,686.9510498046875
231.18756103515625,703.136474609375
230.75807189941406,720.261474609375
234.06504821777344,722.1408081054688
237.84446716308594,728.5303344726562
235.4822998046875,736.9636840820312
239.21878051757812,726.58056640625
236.72781372070312,723.80859375
234.27978515625,725.546875
255.79656982421875,721.0836791992188
256.44085693359375,719.8621215820312
260.2201843261719,721.0836791992188
258.2016906738281,721.5299072265625
256.52667236328125,729.0706787109375
257.85809326171875,726.5335693359375
254.722900390625,729.0001831054688
259.2323913574219,729.8223266601562
259.9625244140625,732.7587890625
266.0611267089844,731.5841674804688
264.5150451660156,731.5606079101562
263.7419128417969,733.5104370117188
260.9932556152344,740.4403076171875
262.88299560546875,737.1986083984375
263.44134521484375,736.094482421875
272.8898010253906,759.7734985351562
276.19671630859375,763.9314575195312
270.4847106933594,766.7034912109375
276.06793212890625,765.3644409179688
280.4056396484375,768.7236938476562
274.9512634277344,765.1529541015625
273.27630615234375,767.8074340820312
274.6506652832031,768.4182739257812
273.9634704589844,770.015625
278.9024353027344,770.8848876953125
275.03717041015625,772.7406005859375
276.7121887207031,783.1001586914062
271.21484375,784.016357421875
270.4417724609375,787.7514038085938
274.04937744140625,785.1674194335938
272.0737609863281,781.9491577148438
271.8590393066406,784.2512817382812
275.38079833984375,795.3626098632812
278.4929504394531,792.3790893554688
277.2073974609375,798.0875244140625
275.7789611816406,797.7586059570312
277.921630859375,788.6676635742188
274.16009521484375,783.4995727539062
276.4931945800781,782.9356689453125
279.2547912597656,786.5301513671875
276.302734375,781.3277587890625
276.20745849609375,784.4254760742188
275.6837463378906,781.9425659179688
278.8738708496094,779.7669677734375
279.7309265136719,784.2128295898438
275.8742370605469,788.4927978515625
277.5406799316406,792.8203125
275.8265686035156,794.7357177734375
278.39776611328125,795.1376953125
283.6828918457031,796.2255249023438
284.01617431640625,794.5228271484375
289.015625,795.6580200195312
289.3965148925781,796.2255249023438
287.8252868652344,800.36376953125
286.2540588378906,809.1605224609375
287.6347961425781,805.4479370117188
288.5870666503906,820.6057739257812
289.6346435546875,822.7576293945312
295.5387268066406,826.4939575195312
292.5390930175781,846.4049072265625
282.016357421875,841.131591796875
288.1585998535156,843.921875
288.1585998535156,849.9755859375
287.4443664550781,847.3507690429688
281.5879211425781,841.8172607421875
282.11163330078125,846.688720703125
285.8254089355469,845.8847045898438
281.3974304199219,840.8477783203125
276.7312316894531,834.4866943359375
274.9696350097656,832.594970703125
273.2554931640625,827.2034301757812
277.8740234375,831.057861328125
280.8736572265625,842.4321899414062
279.1595458984375,834.9360961914062
279.1595458984375,828.6695556640625
279.4928894042969,824.4365844726562
279.92138671875,826.2338256835938
284.3494567871094,838.270263671875
283.4924621582031,833.564453125
286.5396728515625,833.4461669921875
285.20654296875,825.8319091796875
285.9682922363281,836.4258422851562
283.8257141113281,840.1620483398438
284.06378173828125,835.9765625
282.9210510253906,828.078369140625
283.3972473144531,830.1829223632812
281.2546081542969,832.3348388671875
278.6834411621094,835.47998046875
278.0644226074219,845.458984375
276.921630859375,862.3430786132812
277.3026428222656,867.9475708007812
278.0644226074219,871.0925903320312
279.6833190917969,869.933837890625
277.68353271484375,874.4505004882812
279.0166931152344,879.8893432617188
280.58795166015625,874.8052368164062
276.6836242675781,874.4031372070312
271.3509826660156,869.7919921875
263.8755187988281,862.6978759765625
266.1609802246094,851.181640625
269.2558898925781,847.658203125
263.208984375,840.1856689453125
262.7804260253906,849.0770263671875
263.3994140625,853.9956665039062
265.1135559082031,855.4854125976562
262.9233093261719,849.881103515625
258.8284606933594,850.6377563476562
258.97137451171875,851.3472290039062
258.7808532714844,849.171630859375
256.92388916015625,852.5768432617188
254.82894897460938,846.6414184570312
254.78126525878906,860.1912841796875
258.352294921875,875.3255004882812
261.1615905761719,878.3287963867188
260.8282775878906,875.5382690429688
250.59129333496094,883.6965942382812
245.54425048828125,874.1903686523438
250.0199432373047,881.2373046875
253.82904052734375,883.0344848632812
291.110595703125,848.9825439453125
284.9684753417969,849.1007080078125
286.7778015136719,847.0670166015625
286.2064514160156,858.39404296875
285.7778625488281,855.3198852539062
298.4431457519531,861.3262939453125
301.5380859375,861.751953125
300.8238220214844,865.8192749023438
301.0142517089844,864.8261108398438
297.5384826660156,862.5086669921875
290.920166015625,863.57275390625
296.4433898925781,864.4713134765625
303.29974365234375,861.7046508789062
299.2525939941406,857.7083129882812
299.1097106933594,852.4112548828125
300.44293212890625,851.4180908203125
303.7283020019531,854.9414672851562
309.5848083496094,863.3836059570312
303.3473815917969,869.3427124023438
304.6329650878906,873.1734619140625
303.6806640625,877.4300537109375
304.2043762207031,871.5654907226562
302.06182861328125,875.6091918945312
301.8713073730469,878.5178833007812
298.252685546875,882.206787109375
299.823974609375,885.966796875
292.8723449707031,876.6968994140625
290.6820983886719,874.0958251953125
289.7298583984375,867.42724609375
290.6820983886719,860.9715576171875
285.20654296875,852.860595703125
291.20587158203125,855.8638305664062
295.9195861816406,870.4067993164062
296.586181640625,873.2444458007812
292.91998291015625,860.7114868164062
288.49188232421875,861.397216796875
289.8250427246094,869.29541015625
288.6822814941406,886.03759765625
294.1579284667969,888.6388549804688
298.72882080078125,891.263671875
300.7285461425781,883.5310668945312
300.39532470703125,883.6019897460938
301.490478515625,887.5510864257812
302.96649169921875,883.6255493164062
297.87176513671875,878.1394653320312
300.25244140625,888.2132568359375
299.0144958496094,885.5410766601562
295.4910583496094,877.0753173828125
294.9197692871094,885.5174560546875
299.966796875,876.200439453125
299.6811218261719,879.6292114257812
297.96697998046875,881.3790893554688
299.1573181152344,879.9603271484375
297.6813049316406,881.4263916015625
297.1099548339844,881.662841796875
294.7292785644531,885.6119995117188
302.5379333496094,882.1831665039062
313.5843200683594,897.5302124023438
318.1552429199219,898.665283203125
326.8685607910156,894.101318359375
329.63018798828125,914.8163452148438
336.724609375,923.2820434570312
334.7248840332031,928.5553588867188
345.00946044921875,922.8563842773438
335.9151916503906,925.8595581054688
343.5810241699219,934.0413818359375
340.5813293457031,945.7232666015625
336.391357421875,943.760498046875
336.1056823730469,948.58447265625
329.6778259277344,941.7032470703125
319.1075134277344,921.295654296875
313.96533203125,905.14453125
314.9175109863281,897.0809326171875
316.67919921875,885.730224609375
317.9172058105469,889.5846557617188
311.1560363769531,874.7106323242188
310.6799011230469,887.5510864257812
303.7283020019531,890.625244140625
312.9653625488281,890.0341186523438
305.72802734375,888.4732666015625
304.4901428222656,888.2841186523438
302.109375,881.1900024414062
303.96636962890625,878.4468383789062
303.15692138671875,876.4605102539062
307.3468933105469,889.3955688476562
311.44171142578125,904.0568237304688
306.7755432128906,899.8003540039062
298.3003234863281,891.1217041015625
290.39642333984375,886.46337890625
288.8727722167969,884.3822631835938
280.9688720703125,873.1734619140625
273.01739501953125,866.7179565429688
282.7782287597656,876.294921875
278.7310485839844,875.4437255859375
286.3016662597656,883.1053466796875
289.8250427246094,879.7947998046875
291.4439392089844,881.8048095703125
287.0634460449219,889.5138549804688
283.8733825683594,876.365966796875
280.4927978515625,873.646484375
278.0644226074219,869.981201171875
275.3980712890625,879.1563720703125
269.7320861816406,883.3418579101562
262.3995361328125,870.9507446289062
268.20843505859375,895.4964599609375
270.35101318359375,895.094482421875
265.06591796875,892.0203857421875
249.3533477783203,913.3501586914062
257.1620178222656,906.1141357421875
255.8288116455078,890.6724853515625
265.3515930175781,902.8035278320312
267.2560729980469,909.6612548828125
267.44659423828125,917.0628051757812
275.0172119140625,908.4552001953125
270.9699401855469,907.50927734375
273.06500244140625,912.2151489257812
274.49346923828125,910.4179077148438
273.87445068359375,918.5052490234375
277.8263854980469,921.5321044921875
276.20745849609375,914.0122680664062
275.7789611816406,917.0391845703125
268.68450927734375,925.0318603515625
266.0657653808594,915.5021362304688
270.5414733886719,915.1473999023438
265.5896301269531,908.4078979492188
265.5419921875,912.90087890625
274.16009521484375,909.6612548828125
270.6366882324219,919.5457763671875
263.68505859375,931.4639892578125
268.44647216796875,930.7072143554688
269.3511047363281,940.4498291015625
275.96942138671875,935.2002563476562
294.5387878417969,930.30517578125
292.1581115722656,935.6731567382812
292.2057189941406,942.436279296875
296.11004638671875,951.4458618164062
295.3006591796875,956.1753540039062
293.53900146484375,963.7659912109375
283.0639343261719,956.9320678710938
281.8735656738281,959.012939453125
272.4460144042969,951.635009765625
275.4932861328125,942.6018676757812
276.445556640625,941.112060546875
278.112060546875,930.5180053710938
283.4924621582031,939.2673950195312
281.540283203125,950.0032958984375
284.9684753417969,965.8471069335938
276.06463623046875,961.3067626953125
271.3033142089844,968.7557373046875
272.16033935546875,1018.3035278320312
275.4932861328125,1004.5721435546875
273.06500244140625,973.9197998046875
270.5414733886719,982.20166015625
270.35101318359375,979.2268676757812
277.01690673828125,981.5352783203125
274.49346923828125,975.419189453125
272.7317199707031,972.0636596679688
273.68402099609375,972.8013305664062
276.87408447265625,966.8992919921875
271.1605224609375,969.7313842773438
269.0178527832031,966.0188598632812
279.0166931152344,961.0449829101562
278.8262634277344,963.1154174804688
279.2071533203125,978.6557006835938
283.73052978515625,979.345947265625
286.3016662597656,991.6019287109375
275.8742370605469,997.1231079101562
274.3506164550781,996.528076171875
265.7324523925781,1005.5238647460938
258.4475402832031,1014.2102661132812
262.25665283203125,1003.5486450195312
264.16119384765625,986.7947387695312
259.8759765625,985.343017578125
260.2093200683594,1001.216552734375
258.5903625488281,1010.8308715820312
257.1620178222656,1006.737548828125
258.25714111328125,1011.7352294921875
260.3521728515625,1021.6112670898438
255.92405700683594,1022.4920043945312
259.3045959472656,1030.9166259765625
254.9718017578125,1038.0323486328125
246.87745666503906,1032.2969970703125
253.7338409423828,1036.05712890625
250.16278076171875,1035.79541015625
248.73435974121094,1040.5074462890625
253.11480712890625,1041.9114990234375
263.8887634277344,1026.39501953125
262.739501953125,1027.965576171875
263.02679443359375,1033.0111083984375
273.5613098144531,1043.60107421875
280.7917785644531,1048.1466064453125
294.343017578125,1032.7967529296875
291.3741760253906,1037.365966796875
286.63360595703125,1027.4659423828125
285.91534423828125,1013.90087890625
292.0924377441406,1009.8313598632812
301.7649841308594,1006.333251953125
299.8974914550781,1014.234130859375
305.212646484375,1016.828125
318.9075012207031,1008.3320922851562
314.69366455078125,1006.4043579101562
311.15020751953125,995.5523071289062
318.3807678222656,994.3388061523438
320.15240478515625,987.9608154296875
325.61126708984375,988.74609375
324.1268005371094,997.7179565429688
324.5098571777344,997.646728515625
322.9297180175781,989.9598388671875
317.5908508300781,985.1764526367188
326.969970703125,990.2215576171875
326.00799560546875,997.0755615234375
327.6914367675781,989.2935180664062
331.25067138671875,983.3916625976562
329.5672302246094,981.0592651367188
321.43865966796875,987.6514892578125
316.0036315917969,976.5852661132812
317.10986328125,973.7532348632812
316.1479187011719,976.775634765625
322.3525390625,979.036376953125
320.2362365722656,971.5162353515625
314.1278076171875,952.1206665039062
310.61663818359375,957.5704345703125
315.8593444824219,966.0188598632812
313.31011962890625,948.2177124023438
306.7207336425781,946.789794921875
308.7408142089844,933.5342407226562
305.03729248046875,937.7703247070312
297.0049743652344,916.5659790039062
299.2655334472656,929.2742919921875
301.189453125,936.7946166992188
294.98480224609375,940.5784912109375
293.9266052246094,954.809814453125
302.05517578125,968.80322265625
292.1470031738281,966.756591796875
304.46014404296875,931.8207397460938
295.610107421875,935.414306640625
299.0250244140625,925.7522583007812
294.6000061035156,923.6578979492188
307.6827392578125,936.2947387695312
299.8426818847656,922.206298828125
307.2497863769531,943.2914428710938
301.429931640625,955.7617797851562
308.4522399902344,948.4794311523438
302.82476806640625,939.8406982421875
303.4500427246094,936.580322265625
314.6568908691406,951.40673828125
310.5685729980469,944.7193603515625
309.7508850097656,948.241455078125
307.7789001464844,937.0801391601562
303.6424255371094,933.4627685546875
336.10858154296875,916.8516235351562
332.54931640625,910.4022827148438
341.49554443359375,909.9263305664062
340.2449951171875,910.1405639648438
340.9664306640625,927.8703002929688
336.34906005859375,930.9878540039062
339.6678161621094,926.489990234375
342.3612976074219,931.9158935546875
343.2751770019531,925.942626953125
338.94635009765625,914.352783203125
347.17108154296875,917.5418090820312
352.65423583984375,931.8207397460938
355.9249267578125,940.1025390625
353.5680847167969,953.9769287109375
348.6140441894531,958.5460815429688
344.28521728515625,957.85595703125
343.1789245605469,960.8546752929688
338.65777587890625,954.548095703125
342.7942199707031,975.6333618164062
341.1588439941406,982.3920288085938
345.3433837890625,994.41015625
348.421630859375,1014.3054809570312
341.63983154296875,1013.0679931640625
341.9765319824219,1005.8572387695312
344.3333435058594,992.6491088867188
338.0325012207031,999.14599609375
334.4251403808594,998.1226806640625
338.80206298828125,1003.14404296875
333.1745910644531,994.172119140625
329.7596130371094,980.2740478515625
336.6376647949219,992.5301513671875
336.25286865234375,1000.1455688476562
338.5134582519531,997.4801635742188
344.8143310546875,1013.90087890625
348.4697570800781,1016.3997192382812
352.55804443359375,1010.6881103515625
348.3735656738281,1017.3515625
340.7259826660156,1004.8336791992188
339.3311462402344,990.3167724609375
342.3132019042969,1010.1646728515625
342.1208190917969,1001.930419921875
347.02679443359375,1010.42626953125
346.44964599609375,1009.855224609375
349.9126281738281,1022.4207763671875
350.7303466796875,1013.0916748046875
349.43170166015625,1005.1431884765625
351.3075256347656,1007.8324584960938
353.7124328613281,1009.3553466796875
365.6888732910156,1000.9546508789062
367.7089538574219,1007.52294921875
365.06353759765625,1003.5724487304688
364.1496887207031,1005.1907348632812
359.1474609375,1000.3121337890625
358.5703125,1009.9502563476562
361.02325439453125,1009.1412353515625
360.34991455078125,1014.9002685546875
357.848876953125,1013.9248046875
357.560302734375,1022.444580078125
355.01104736328125,1016.59033203125
353.423828125,1002.0969848632812
350.9227294921875,1000.5977172851562
343.61181640625,997.622802734375
330.4810791015625,991.9826049804688
333.65557861328125,979.345947265625
351.9808654785156,968.4462280273438
350.5860595703125,989.983642578125
341.1588439941406,994.9813842773438
341.0626525878906,1001.8589477539062
339.23492431640625,1006.2140502929688
345.6319580078125,1010.3073120117188
345.0066833496094,1007.7371215820312
341.5917053222656,1010.3073120117188
336.73382568359375,1018.3988037109375
331.2025451660156,1013.662841796875
330.8658752441406,1004.3815307617188
329.1343688964844,999.8360595703125
325.86370849609375,994.719482421875
330.1925048828125,991.9351806640625
332.0683898925781,1003.5011596679688
337.936279296875,1007.0945434570312
338.65777587890625,995.4572143554688
342.0727233886719,1011.6162719726562
334.9541931152344,1004.5957641601562
332.405029296875,995.8380126953125
336.83001708984375,988.84130859375
340.7740478515625,991.6019287109375
349.43170166015625,1002.9061279296875
357.8008117675781,1001.5496215820312
356.6945495605469,1012.1398315429688
356.5020751953125,1012.9490356445312
361.5523986816406,1013.0679931640625
373.4325866699219,1033.3203125
376.9918518066406,1059.76025390625
373.1440124511719,1058.903564453125
380.262451171875,1072.3494873046875
382.9078674316406,1076.3714599609375
383.24456787109375,1079.3699951171875
377.9538269042969,1094.243896484375
376.8956298828125,1083.367919921875
368.9114074707031,1085.8192138671875
379.1081848144531,1100.1221923828125
378.2424011230469,1094.4580078125
385.3127746582031,1096.052490234375
383.1002502441406,1100.3363037109375
382.0421447753906,1092.2686767578125
377.1842346191406,1091.26904296875
373.961669921875,1087.0804443359375
375.6931457519531,1097.38525390625
372.37445068359375,1089.6744384765625
382.0421447753906,1088.6512451171875
379.204345703125,1064.900634765625
375.21221923828125,1074.4913330078125
379.589111328125,1078.1800537109375
377.80950927734375,1089.3890380859375
391.51739501953125,1097.12353515625
389.0163269042969,1091.6973876953125
379.492919921875,1079.8221435546875
381.4168395996094,1068.6845703125
385.84185791015625,1085.0814208984375
380.358642578125,1077.3233642578125
391.7098083496094,1085.6527099609375
391.9983825683594,1103.025390625
380.5029602050781,1121.27880859375
386.5152282714844,1127.0616455078125
386.0342712402344,1108.260986328125
371.7972412109375,1105.3577880859375
367.66082763671875,1098.1705322265625
366.8912658691406,1090.388427734375
370.45050048828125,1093.0540771484375
361.98529052734375,1088.62744140625
365.9293212890625,1088.9608154296875
362.7067565917969,1088.3895263671875
367.94940185546875,1099.788818359375
374.8755798339844,1124.27734375
392.1907653808594,1157.7138671875
384.9280090332031,1144.077392578125
389.93017578125,1145.0531005859375
395.2209777832031,1109.998291015625
415.325927734375,1129.6318359375
418.9332580566406,1146.2906494140625
417.7789001464844,1150.0269775390625
407.19732666015625,1150.360107421875
409.9870300292969,1161.1407470703125
407.5821838378906,1154.382080078125
406.8125915527344,1169.493896484375
403.1571350097656,1167.2093505859375
395.8943176269531,1153.43017578125
400.7522277832031,1164.99609375
400.2712097167969,1161.4501953125
405.3215026855469,1165.352783203125
402.0989685058594,1155.191162109375
403.6381530761719,1163.591796875
401.85845947265625,1159.022705078125
398.44354248046875,1152.78759765625
406.09112548828125,1150.5267333984375
403.8304748535156,1155.8099365234375
416.9131164550781,1162.0360107421875
414.41204833984375,1156.2169189453125
413.1134033203125,1158.012939453125
417.15362548828125,1163.1612548828125
421.9634094238281,1181.9351806640625
424.17596435546875,1179.2532958984375
420.4723815917969,1170.3692626953125
422.30010986328125,1190.38818359375
420.1357116699219,1194.9140625
419.3661804199219,1192.351806640625
419.6066589355469,1189.550048828125
419.7508850097656,1184.0902099609375
409.69842529296875,1154.013916015625
412.19952392578125,1139.4305419921875
414.5082092285156,1144.0283203125
410.3236999511719,1152.840576171875
410.8046875,1146.494873046875
406.2353820800781,1146.9019775390625
408.44793701171875,1145.2017822265625
408.54412841796875,1148.195068359375
402.7242431640625,1155.1153564453125
394.69189453125,1137.75439453125
396.8133239746094,1100.2069091796875
398.2150573730469,1084.043212890625
394.8800354003906,1092.3765869140625
395.3633728027344,1094.8428955078125
401.8883056640625,1090.65234375
415.0348815917969,1074.8477783203125
411.1682434082031,1078.6553955078125
410.4432678222656,1078.3677978515625
403.1449279785156,1066.4403076171875
396.9100341796875,1062.8643798828125
389.22509765625,1046.0167236328125
396.5716857910156,1050.74462890625
394.78338623046875,1048.2967529296875
400.58331298828125,1071.8880615234375
406.1416320800781,1095.3355712890625
396.5716857910156,1065.7442626953125
403.3866271972656,1070.112060546875
404.9816589355469,1069.2720947265625
409.2832946777344,1059.2645263671875
402.99993896484375,1065.8642578125
398.3116760253906,1068.384033203125
385.7934265136719,1043.5447998046875
382.216796875,1038.07275390625
397.92498779296875,1082.927734375
404.643310546875,1084.7518310546875
399.18170166015625,1078.7760009765625
390.916748046875,1068.912109375
395.99169921875,1069.3922119140625
379.0751953125,1061.2322998046875
384.246826171875,1078.8958740234375
376.0301818847656,1072.8480224609375
378.3018798828125,1078.0078125
382.26513671875,1079.783935546875
381.4435119628906,1080.5999755859375
389.2734375,1089.9837646484375
399.61669921875,1083.5518798828125
398.40838623046875,1077.16796875
387.2917785644531,1061.42431640625
386.03515625,1050.0966796875
373.71026611328125,1056.984619140625
403.5799560546875,1151.59033203125
431.4197082519531,1206.93310546875
426.19976806640625,1203.6212158203125
419.7232360839844,1190.08544921875
436.8813781738281,1192.7734375
434.22308349609375,1194.4052734375
419.2398376464844,1178.32568359375
410.4432678222656,1198.8212890625
413.05322265625,1174.581787109375
400.1000061035156,1142.08642578125
402.2266540527344,1139.398681640625
422.13983154296875,1178.997802734375
409.5732727050781,1152.5023193359375
414.2615661621094,1150.8223876953125
414.55157470703125,1156.1982421875
417.4515075683594,1174.101806640625
420.7864990234375,1172.2298583984375
425.9097900390625,1171.1739501953125
423.203125,1179.8138427734375
436.1080322265625,1189.7015380859375
439.92633056640625,1191.9093017578125
439.5880126953125,1186.6295166015625
453.4595642089844,1179.8138427734375
453.8945617675781,1188.16552734375
461.4828186035156,1192.7734375
455.4411926269531,1198.38916015625
447.6112976074219,1181.109619140625
446.83795166015625,1190.4215087890625
454.8128662109375,1187.3494873046875
452.7345886230469,1189.8935546875
464.67279052734375,1206.357177734375
462.594482421875,1213.125
473.13104248046875,1205.3489990234375
480.2359924316406,1214.1329345703125
469.5544128417969,1207.22119140625
482.0243225097656,1222.9166259765625
483.184326171875,1226.7567138671875
481.7343444824219,1211.541015625
477.0460205078125,1220.996826171875
478.4960021972656,1222.388671875
481.6376647949219,1231.988525390625
480.2359924316406,1214.1329345703125
481.20263671875,1220.2286376953125
493.6725769042969,1224.020751953125
488.64593505859375,1227.236572265625
501.84088134765625,1214.6610107421875
495.5091857910156,1223.9248046875
493.8658752441406,1215.0928955078125
492.3675842285156,1205.1571044921875
511.60406494140625,1201.5572509765625
510.492431640625,1195.7493896484375
507.3024597167969,1196.1812744140625
508.9457702636719,1193.205322265625
511.0723876953125,1199.4932861328125
515.7607421875,1198.773193359375
517.5006713867188,1213.0289306640625
519.1439208984375,1213.26904296875
521.2706909179688,1207.0291748046875
523.1072998046875,1220.2286376953125
523.3489990234375,1240.6282958984375
522.1890258789062,1237.2203369140625
527.8922729492188,1244.8040771484375
523.2522583007812,1250.2760009765625
523.0589599609375,1237.556396484375
520.7874145507812,1219.604736328125
531.082275390625,1223.97265625
525.8140258789062,1230.836669921875
520.932373046875,1221.188720703125
518.8539428710938,1227.4285888671875
522.5756225585938,1235.25244140625
520.884033203125,1217.6368408203125
508.1724853515625,1191.285400390625
505.46575927734375,1210.14892578125
508.4141540527344,1206.98095703125
528.0855712890625,1220.5167236328125
522.2373046875,1231.364501953125
520.642333984375,1234.532470703125
519.6756591796875,1237.892333984375
517.7423095703125,1232.8524169921875
519.2406616210938,1236.1163330078125
514.3107299804688,1226.9967041015625
517.017333984375,1204.6771240234375
513.3441162109375,1194.54931640625
505.41741943359375,1191.1893310546875
510.105712890625,1195.029296875
516.0506591796875,1194.7412109375
519.3373413085938,1164.6458740234375
510.589111328125,1174.245849609375
509.0424499511719,1186.3896484375
514.4557495117188,1176.9818115234375
508.1241760253906,1177.2218017578125
498.36083984375,1145.0625
513.1023559570312,1180.5816650390625
521.1256713867188,1194.8372802734375
523.542236328125,1190.1815185546875
518.5640258789062,1192.4853515625
516.1473999023438,1190.661376953125
521.7540283203125,1190.9493408203125
530.9854736328125,1199.01318359375
522.9622802734375,1191.717529296875
527.602294921875,1170.5498046875
523.542236328125,1168.43798828125
523.1556396484375,1164.694091796875
526.6356201171875,1178.085693359375
528.7622680664062,1168.3900146484375
512.18408203125,1161.5260009765625
513.2473754882812,1152.2623291015625
506.2391357421875,1151.2542724609375
498.1675109863281,1151.4462890625
480.6710205078125,1130.5186767578125
489.2259216308594,1132.390625
497.5875244140625,1134.502685546875
491.40093994140625,1102.8714599609375
487.6792907714844,1105.2713623046875
470.1344299316406,1089.4796142578125
442.4880065917969,1062.984375
450.1246032714844,1069.2242431640625
411.458251953125,980.4260864257812
432.28973388671875,1026.985107421875
389.466796875,959.4986572265625
355.00537109375,936.0751342773438
343.212158203125,841.8052978515625
327.26226806640625,859.7088012695312
334.17388916015625,847.51708984375
274.5310363769531,740.6715087890625
286.6142578125,736.9755859375
306.3340759277344,822.461669921875
319.239013671875,865.0366821289062
328.5189514160156,868.252685546875
302.9508361816406,798.3662719726562
312.9557189941406,827.4055786132812
300.7758483886719,796.4462280273438
277.09271240234375,781.2785034179688
315.2273864746094,860.2368774414062
308.3157653808594,853.3250122070312
331.27392578125,888.0281982421875
319.62567138671875,859.5167846679688
316.4356994628906,828.7494506835938
330.5972595214844,844.5411376953125
363.02862548828125,873.8685302734375
349.2537841796875,907.0357055664062
320.7856750488281,884.7642211914062
324.7489929199219,891.43603515625
341.1821594238281,916.7315673828125
323.6856384277344,900.5079345703125
336.300537109375,892.4921264648438
347.85211181640625,894.1240844726562
358.0986633300781,937.9950561523438
367.47528076171875,961.70654296875
326.7789306640625,886.0602416992188
319.8190002441406,874.9725341796875
330.0172424316406,908.5238037109375
325.52227783203125,887.9801635742188
326.4405822753906,891.8681640625
309.47576904296875,879.1484375
310.4907531738281,865.4686889648438
326.7789306640625,890.524169921875
316.4840393066406,857.932861328125
311.9407043457031,852.6050415039062
288.547607421875,803.1660766601562
290.2875671386719,797.40625
295.4591979980469,822.797607421875
294.2508850097656,825.149658203125
281.3459777832031,805.2780151367188
282.94097900390625,818.2857666015625
308.2190856933594,867.4846801757812
315.9523620605469,907.4197387695312
320.88232421875,913.5636596679688
327.93896484375,948.1228637695312
336.78387451171875,960.9385375976562
344.9521179199219,981.3380737304688
336.252197265625,961.6105346679688
345.29046630859375,991.993896484375
347.8037414550781,975.2423095703125
336.9288635253906,947.7868041992188
341.2304992675781,952.1547241210938
329.87225341796875,929.835205078125
332.72393798828125,943.4190063476562
320.0606689453125,911.835693359375
331.5155944824219,950.7628173828125
330.5489501953125,940.0590209960938
340.26385498046875,979.1301879882812
351.6703796386719,991.993896484375
355.29534912109375,987.5780029296875
363.608642578125,1000.5856323242188
336.4938659667969,991.177978515625
339.29718017578125,987.5780029296875
337.4605407714844,1014.1693115234375
331.66058349609375,1032.9849853515625
339.7322082519531,1023.1931762695312
351.91204833984375,1041.192626953125
350.7520751953125,1045.80078125
348.9637756347656,1030.968994140625
349.7854309082031,1058.8563232421875
363.5119323730469,1060.9202880859375
356.648681640625,1065.9122314453125
358.0019836425781,1079.9278564453125
348.3354187011719,1060.872314453125
341.8105163574219,1037.0169677734375
334.0289001464844,1016.4732666015625
334.2705383300781,1011.0015258789062
333.15887451171875,1020.025390625
342.0038146972656,1054.4884033203125
350.8970947265625,1087.70361328125
366.1702575683594,1092.9835205078125
368.39361572265625,1081.2718505859375
379.17181396484375,1085.1597900390625
369.07025146484375,1074.31201171875
346.5470886230469,1036.296875
340.36053466796875,1043.1607666015625
339.3454895019531,1021.9930419921875
333.4488830566406,1008.6015625
335.23724365234375,991.4659423828125
331.8055725097656,961.8986206054688
339.29718017578125,999.9617309570312
340.45721435546875,986.4259643554688
346.7887878417969,999.0496215820312
346.0154724121094,1002.0735473632812
351.4287109375,1008.6015625
355.1020812988281,1023.9612426757812
354.61871337890625,1021.1292724609375
355.7786560058594,1016.6654052734375
349.35040283203125,993.0498046875
348.1904296875,991.4178466796875
357.2286682128906,1014.2174072265625
361.96533203125,1023.9130859375
355.48870849609375,1016.6172485351562
358.775390625,1042.2008056640625
367.6686096191406,1072.3441162109375
373.46856689453125,1074.8880615234375
376.3685607910156,1073.68798828125
379.12347412109375,1067.592041015625
396.0400695800781,1069.896240234375
381.4435119628906,1071.192138671875
377.9151916503906,1082.183837890625
379.3168029785156,1088.759765625
369.98858642578125,1085.639892578125
360.128662109375,1074.5040283203125
360.9503173828125,1066.0562744140625
363.1736755371094,1067.92822265625
355.34375,1052.616455078125
358.34039306640625,1046.90478515625
358.14703369140625,1035.48095703125
351.57373046875,1015.6092529296875
359.1620178222656,1027.656982421875
362.20703125,1049.880615234375
356.697021484375,1040.2327880859375
357.2286682128906,1014.9853515625
339.0072021484375,1007.3056030273438
342.58380126953125,993.9618530273438
340.11883544921875,1005.3375244140625
324.50732421875,989.1619262695312
337.0255432128906,1002.2176513671875
350.8970947265625,1012.0093383789062
345.1454162597656,1020.025390625
342.9221496582031,1035.432861328125
356.890380859375,1062.648193359375
360.6603088378906,1069.7520751953125
367.9102783203125,1098.3115234375
369.8918762207031,1115.7352294921875
374.5802307128906,1144.1025390625
388.11346435546875,1184.181640625
390.57843017578125,1165.078125
383.0384826660156,1150.4862060546875
393.2367248535156,1163.0140380859375
377.9635009765625,1122.4549560546875
382.89349365234375,1151.350341796875
403.1933288574219,1155.38232421875
400.77667236328125,1174.9658203125
406.28662109375,1196.80517578125
399.1333312988281,1183.9415283203125
403.04833984375,1186.341552734375
390.9651184082031,1162.4381103515625
396.2817077636719,1183.74951171875
382.84515380859375,1161.1900634765625
386.5667724609375,1139.6865234375
379.51019287109375,1136.1826171875
403.5316467285156,1166.614013671875
429.05145263671875,1198.0052490234375
422.4781188964844,1207.0770263671875
423.87982177734375,1218.40478515625
428.03643798828125,1255.3160400390625
447.27294921875,1286.8992919921875
467.7178039550781,1337.8741455078125
470.3277282714844,1334.322265625
460.8061828613281,1316.8026123046875
469.361083984375,1304.4189453125
470.66607666015625,1314.8826904296875
470.1827392578125,1352.0819091796875
481.0576171875,1352.3216552734375
462.787841796875,1319.3466796875
464.1894836425781,1347.473876953125
452.6379089355469,1338.7860107421875
462.25616455078125,1380.64111328125
456.9395751953125,1346.657958984375
459.45281982421875,1369.5533447265625
457.5679016113281,1383.18505859375
468.9261169433594,1375.937255859375
464.43115234375,1350.641845703125
465.78448486328125,1322.0823974609375
485.31097412109375,1330.1463623046875
493.4309387207031,1317.3306884765625
491.4492492675781,1321.2186279296875
494.44586181640625,1350.8818359375
490.047607421875,1330.3863525390625
498.2641906738281,1327.4583740234375
508.26910400390625,1317.234619140625
500.7774963378906,1335.6182861328125
495.3642272949219,1354.24169921875
493.38250732421875,1384.09716796875
499.9075012207031,1354.86572265625
478.0126953125,1317.714599609375
483.6192932128906,1318.1466064453125
486.80926513671875,1320.594482421875
496.4275207519531,1341.18603515625
502.7591552734375,1356.3056640625
511.16912841796875,1370.0814208984375
511.1207580566406,1375.16943359375
517.210693359375,1378.8172607421875
509.9125061035156,1368.017578125
513.9724731445312,1359.3297119140625
519.3373413085938,1369.6014404296875
528.4722900390625,1363.6976318359375
523.0589599609375,1359.569580078125
523.9772338867188,1374.3533935546875
526.5389404296875,1393.3607177734375
529.7288818359375,1421.7283935546875
537.945556640625,1411.79248046875
534.8522338867188,1409.9686279296875
524.8956298828125,1407.95263671875
515.3740844726562,1423.744140625
528.2306518554688,1443.663818359375
532.6289672851562,1432.2879638671875
534.272216796875,1415.7764892578125
516.0023803710938,1385.777099609375
520.1106567382812,1404.3046875
504.9341125488281,1353.1859130859375
510.6374206542969,1316.5625
519.0956420898438,1334.850341796875
583.6683959960938,1417.6483154296875
596.7666625976562,1498.0946044921875
601.5999755859375,1511.7744140625
607.3515625,1515.9022216796875
593.6734008789062,1533.6617431640625
608.6082153320312,1541.0057373046875
612.2332763671875,1547.341552734375
611.0733032226562,1518.446044921875
609.623291015625,1509.42236328125
626.008056640625,1518.63818359375
651.4795532226562,1551.9013671875
636.3997192382812,1561.5491943359375
635.4329223632812,1523.0059814453125
623.156494140625,1492.0947265625
603.2432861328125,1477.5029296875
589.5167236328125,1486.0467529296875
595.751708984375,1467.951171875
619.724853515625,1542.1575927734375
607.0616455078125,1542.1094970703125
577.8201293945312,1472.9912109375
588.0667114257812,1496.5106201171875
590.1450805664062,1505.4383544921875
611.0248413085938,1523.342041015625
600.0534057617188,1489.9346923828125
589.130126953125,1468.7672119140625
587.7767333984375,1458.6873779296875
604.2582397460938,1499.9666748046875
604.7415771484375,1493.4866943359375
592.4166870117188,1489.838623046875
583.3784790039062,1467.471435546875
575.1135864257812,1451.631591796875
569.8453369140625,1435.5040283203125
559.3086547851562,1431.328125
567.0902709960938,1437.56787109375
554.3303833007812,1410.3525390625
566.8486328125,1440.1119384765625
548.5787963867188,1419.6163330078125
552.4937133789062,1404.7845458984375
559.2603759765625,1431.6162109375
571.7302856445312,1491.5186767578125
562.6919555664062,1433.8720703125
574.5819091796875,1427.248291015625
552.2037353515625,1391.5848388671875
547.0321044921875,1382.6092529296875
558.390380859375,1389.2808837890625
557.4719848632812,1375.457275390625
547.3221435546875,1364.8494873046875
520.5940551757812,1312.3388671875
541.9087524414062,1344.30615234375
556.0220336914062,1372.8653564453125
548.0470581054688,1371.4732666015625
541.0872192382812,1355.873779296875
540.4588623046875,1335.714111328125
559.8886108398438,1365.5694580078125
550.9470825195312,1357.5538330078125
571.3919067382812,1348.5780029296875
578.786865234375,1381.12109375
600.6334228515625,1417.696533203125
600.72998046875,1413.5684814453125
580.4784545898438,1355.77783203125
576.8535766601562,1357.8416748046875
571.8268432617188,1332.7862548828125
582.7018432617188,1346.4659423828125
587.9218139648438,1344.8341064453125
586.8583374023438,1358.1295166015625
592.8033447265625,1363.025634765625
589.5167236328125,1347.3780517578125
574.9202270507812,1343.4901123046875
577.3851928710938,1331.34619140625
602.8082885742188,1382.6092529296875
612.0883178710938,1417.600341796875
604.5966186523438,1399.8406982421875
597.9749755859375,1375.457275390625
621.0298461914062,1437.3759765625
625.7664184570312,1449.51953125
628.6180419921875,1419.7601318359375
630.7447509765625,1417.9364013671875
630.5030517578125,1423.3121337890625
621.60986328125,1443.2796630859375
640.6529541015625,1455.1834716796875
628.4247436523438,1451.1995849609375
626.7330932617188,1443.8077392578125
628.5697021484375,1459.6954345703125
621.271484375,1440.8800048828125
626.588134765625,1439.8238525390625
620.9815063476562,1423.6962890625
614.8915405273438,1421.0562744140625
619.0482177734375,1421.7763671875
614.5049438476562,1426.8641357421875
613.9732055664062,1420.240234375
623.7847900390625,1430.608154296875
618.7581787109375,1425.1842041015625
611.8949584960938,1407.4246826171875
609.381591796875,1420.5762939453125
610.2032470703125,1429.1199951171875
609.8165283203125,1424.416259765625
603.8716430664062,1426.0482177734375
612.909912109375,1445.9677734375
627.3614501953125,1454.4635009765625
628.6180419921875,1447.983642578125
618.7581787109375,1448.176513671875
609.8649291992188,1444.1754150390625
609.8165283203125,1433.4254150390625
618.9031982421875,1427.302978515625
626.2498168945312,1441.8133544921875
628.6180419921875,1479.655517578125
632.1947631835938,1484.2833251953125
620.4982299804688,1465.91650390625
617.259765625,1448.12841796875
624.703125,1433.666259765625
642.7797241210938,1447.983642578125
642.1995849609375,1445.380615234375
645.1963500976562,1466.1575927734375
638.28466796875,1467.7484130859375
634.0313720703125,1418.240234375
620.4982299804688,1391.3890380859375
634.0797729492188,1396.739990234375
654.0895385742188,1391.00341796875
654.1861572265625,1383.0975341796875
654.8629760742188,1388.1109619140625
662.20947265625,1366.4661865234375
666.523681640625,1367.382080078125
661.6762084960938,1375.2880859375
660.60986328125,1371.62451171875
669.3352661132812,1383.2420654296875
692.8453979492188,1412.7447509765625
681.017578125,1431.5933837890625
676.364013671875,1439.11376953125
681.4053344726562,1449.960205078125
679.5148315429688,1453.57568359375
672.3890991210938,1441.3311767578125
679.9511108398438,1447.5499267578125
683.2958984375,1471.4603271484375
681.2114868164062,1475.7025146484375
679.8056640625,1460.32470703125
667.2992553710938,1458.7337646484375
659.9312744140625,1460.421142578125
661.8701782226562,1469.9178466796875
673.2616577148438,1502.9393310546875
669.9653930664062,1501.5413818359375
677.4789428710938,1499.03466796875
678.3999633789062,1492.912353515625
691.8758544921875,1512.0020751953125
697.111083984375,1524.6805419921875
697.9351196289062,1522.4630126953125
703.0250244140625,1532.0079345703125
702.200927734375,1519.5224609375
699.1470336914062,1509.5435791015625
695.0267333984375,1512.96630859375
698.953125,1519.85986328125
698.2744140625,1512.339599609375
685.8165283203125,1499.7576904296875
685.8650512695312,1493.0086669921875
692.554443359375,1491.3216552734375
705.012451171875,1503.999755859375
698.1775512695312,1525.403564453125
688.3372802734375,1503.9034423828125
690.1307373046875,1496.28662109375
681.89013671875,1478.6912841796875
695.1235961914062,1513.6893310546875
700.8921508789062,1544.10791015625
707.72705078125,1566.813232421875
695.2691650390625,1557.1236572265625
687.8524780273438,1536.6839599609375
679.4663696289062,1537.7445068359375
671.2257080078125,1525.933837890625
678.8362426757812,1528.87451171875
675.830810546875,1538.2265625
668.462646484375,1556.97900390625
680.775146484375,1552.73681640625
681.9386596679688,1545.1683349609375
691.5364990234375,1575.201171875
686.9799194335938,1571.1517333984375
688.2887573242188,1580.6002197265625
705.109375,1626.878662109375
722.7056274414062,1610.3919677734375
724.6446533203125,1628.1319580078125
723.0933837890625,1613.814697265625
732.4490356445312,1616.1767578125
736.1329956054688,1620.4671630859375
816.0189208984375,1597.5689697265625
804.0941772460938,1593.471435546875
809.5233154296875,1583.87841796875
774.3309326171875,1536.4429931640625
777.5786743164062,1526.0784912109375
779.3722534179688,1547.723388671875
776.5122680664062,1549.121337890625
761.9699096679688,1524.7286376953125
758.2373657226562,1536.7802734375
756.346923828125,1542.8544921875
762.5516357421875,1515.8587646484375
757.0740356445312,1499.4683837890625
747.9122924804688,1492.767822265625
752.9051513671875,1497.299072265625
749.7058715820312,1501.3966064453125
740.7380981445312,1492.4783935546875
738.072021484375,1475.8953857421875
739.6232299804688,1484.1868896484375
729.0557250976562,1460.9993896484375
728.9102783203125,1461.1923828125
737.005615234375,1463.6026611328125
728.1347045898438,1471.21923828125
700.1650390625,1436.46240234375
696.48095703125,1447.4051513671875
692.554443359375,1439.9814453125
705.4971313476562,1450.683349609375
700.35888671875,1471.0264892578125
694.4450073242188,1459.2640380859375
687.9009399414062,1449.8638916015625
712.2351684570312,1470.978271484375
730.4130249023438,1498.070556640625
731.9642333984375,1472.0870361328125
734.8726806640625,1467.9412841796875
730.9947509765625,1456.9501953125
735.5028686523438,1448.5621337890625
729.2981567382812,1446.2000732421875
718.536865234375,1446.2965087890625
706.078857421875,1420.216796875
688.2887573242188,1374.516845703125
698.3713989257812,1390.0875244140625
710.4415283203125,1393.365478515625
708.9873657226562,1392.304931640625
704.9154663085938,1387.29150390625
713.5439453125,1398.7647705078125
713.3500366210938,1408.406005859375
713.2530517578125,1401.705322265625
713.2530517578125,1409.0809326171875
717.5673217773438,1426.3389892578125
741.3682861328125,1465.1453857421875
749.2695922851562,1473.7261962890625
764.005859375,1508.72412109375
761.0972900390625,1484.5244140625
769.0472412109375,1494.9371337890625
786.0132446289062,1503.2286376953125
785.9163208007812,1509.736572265625
798.6165771484375,1500.818359375
799.5376586914062,1473.19580078125
794.9810180664062,1489.730712890625
794.3023681640625,1466.928955078125
797.986328125,1474.40087890625
783.9287719726562,1463.98828125
785.5284423828125,1454.8773193359375
779.9539184570312,1467.025390625
774.0885620117188,1433.3289794921875
777.19091796875,1434.6787109375
770.4044799804688,1422.048583984375
757.31640625,1410.76806640625
764.7329711914062,1432.4129638671875
785.5769653320312,1443.3076171875
788.9216918945312,1476.281005859375
784.2681274414062,1460.9993896484375
780.4871215820312,1469.33935546875
762.40625,1415.492431640625
768.320068359375,1409.4183349609375
778.3057250976562,1443.8861083984375
780.9234619140625,1470.399658203125
766.671875,1464.3739013671875
730.703857421875,1420.8433837890625
752.3719482421875,1463.3616943359375
740.7380981445312,1461.3851318359375
727.4561157226562,1452.4669189453125
726.0504150390625,1458.1070556640625
731.4310302734375,1467.50732421875
728.3771362304688,1456.516357421875
721.8815307617188,1447.0677490234375
685.8165283203125,1368.4908447265625
707.7755126953125,1403.8746337890625
720.03955078125,1375.09521484375
693.0392456054688,1324.9603271484375
676.994140625,1321.826904296875
667.056884765625,1317.48828125
633.803466796875,1277.283935546875
644.710205078125,1280.1763916015625
647.0855102539062,1321.971435546875
655.9562377929688,1342.7484130859375
657.2166748046875,1346.7015380859375
674.9097900390625,1390.810546875
676.0731811523438,1372.9259033203125
686.398193359375,1396.209716796875
698.1290283203125,1426.9656982421875
689.0643920898438,1433.1842041015625
696.2870483398438,1440.5599365234375
696.3839111328125,1426.1942138671875
682.7142333984375,1390.906982421875
677.9152221679688,1379.578369140625
688.6765747070312,1381.4102783203125
693.4754638671875,1399.7288818359375
708.5995483398438,1423.9766845703125
708.017822265625,1417.613525390625
713.786376953125,1451.98486328125
723.8204345703125,1597.3760986328125
719.1669921875,1550.5675048828125
718.9730834960938,1495.226318359375
725.7109985351562,1462.349365234375
731.28564453125,1460.32470703125
736.423828125,1442.488037109375
740.544189453125,1439.9332275390625
738.9930419921875,1412.4071044921875
734.6787719726562,1345.3997802734375
742.91943359375,1294.059814453125
732.4974365234375,1305.7259521484375
739.0899658203125,1325.0567626953125
724.8385009765625,1306.979248046875
729.2496337890625,1316.76513671875
730.7523803710938,1322.83935546875
714.2225952148438,1323.3214111328125
724.3536987304688,1322.164306640625
720.6212158203125,1334.9390869140625
718.3914184570312,1353.35400390625
702.1524047851562,1307.3648681640625
706.5636596679688,1304.42431640625
697.304931640625,1270.3421630859375
688.6765747070312,1272.5113525390625
689.5975952148438,1292.951171875
692.4090576171875,1300.2303466796875
674.5704345703125,1270.921142578125
656.6834106445312,1259.5096435546875
662.1610107421875,1272.9205322265625
688.3372802734375,1281.6011962890625
685.7680053710938,1281.503662109375
669.23828125,1255.315673828125
687.9009399414062,1288.3797607421875
689.3551635742188,1271.8477783203125
686.543701171875,1286.4290771484375
691.5850219726562,1296.036376953125
706.2728271484375,1333.001708984375
717.2279663085938,1357.726806640625
725.66259765625,1366.9925537109375
729.8797607421875,1354.703125
729.6859130859375,1360.457763671875
726.8743896484375,1350.9481201171875
721.5906982421875,1346.2664794921875
723.9659423828125,1344.4619140625
712.8168334960938,1329.0029296875
707.2422485351562,1333.6845703125
710.39306640625,1343.73046875
698.0321044921875,1317.7864990234375
667.0084228515625,1293.8905029296875
664.5847778320312,1279.6505126953125
666.2813110351562,1275.212646484375
657.79833984375,1249.70751953125
665.8934936523438,1257.9490966796875
665.02099609375,1289.55029296875
674.8612670898438,1303.59521484375
665.651123046875,1297.4505615234375
677.8182983398438,1302.229736328125
691.6819458007812,1320.419921875
695.4629516601562,1322.8094482421875
688.6279907226562,1312.7147216796875
681.3084106445312,1310.812744140625
685.6226806640625,1314.762939453125
682.4234008789062,1320.37109375
698.1290283203125,1322.224365234375
697.4989013671875,1319.2493896484375
703.800537109375,1337.4395751953125
719.3609008789062,1361.3843994140625
732.642822265625,1362.6522216796875
746.0217895507812,1371.4791259765625
736.7146606445312,1357.48291015625
730.2191162109375,1324.3699951171875
729.4435424804688,1317.7376708984375
728.2801513671875,1328.4664306640625
748.4454956054688,1314.3240966796875
756.8316650390625,1314.8116455078125
759.2068481445312,1331.3924560546875
762.0184326171875,1327.198486328125
775.6397094726562,1358.1656494140625
776.4638061523438,1362.1644287109375
772.0040893554688,1359.3848876953125
776.0759887695312,1369.7723388671875
789.7457275390625,1381.915283203125
793.6237182617188,1398.83740234375
798.2772827148438,1410.4927978515625
792.7997436523438,1394.98486328125
799.6345825195312,1398.252197265625
795.223388671875,1396.59423828125
812.625732421875,1391.86376953125
816.283203125,1426.000732421875
827.791748046875,1430.14599609375
838.4713134765625,1449.067626953125
852.808349609375,1448.53125
857.53857421875,1465.112060546875
861.4398803710938,1472.6710205078125
863.2440795898438,1474.426513671875
848.9071655273438,1456.2364501953125
831.205322265625,1434.09619140625
842.5676879882812,1429.658447265625
851.7354736328125,1436.5345458984375
850.8089599609375,1428.7318115234375
849.3460083007812,1428.9755859375
834.7164306640625,1403.9093017578125
865.3898315429688,1449.457763671875
852.759521484375,1435.851806640625
850.8577880859375,1448.8726806640625
860.6596069335938,1458.187255859375
861.8299560546875,1452.627685546875
854.56396484375,1445.7515869140625
876.6057739257812,1460.6741943359375
878.995361328125,1461.6495361328125
884.7985229492188,1456.72412109375
887.529296875,1475.7921142578125
895.4292602539062,1490.958740234375
894.9415893554688,1483.20458984375
886.6515502929688,1455.94384765625
876.9959716796875,1465.5509033203125
894.1126098632812,1483.20458984375
892.649658203125,1480.91259765625
881.09228515625,1449.3602294921875
860.4645385742188,1410.4927978515625
839.7880249023438,1391.4736328125
831.4979248046875,1378.9892578125
828.5232543945312,1355.288330078125
823.0615234375,1348.265869140625
840.714599609375,1386.3043212890625
827.4015502929688,1378.355224609375
846.22509765625,1417.1739501953125
863.5855102539062,1401.5684814453125
860.7571411132812,1395.5213623046875
859.9768676757812,1380.11083984375
849.1022338867188,1366.11474609375
846.9077758789062,1375.0391845703125
832.52197265625,1359.238525390625
848.7608642578125,1403.51904296875
863.3416748046875,1410.883056640625
874.7528076171875,1408.24951171875
870.0712890625,1422.6846923828125
866.7064819335938,1413.0775146484375
884.7496948242188,1403.12890625
903.4268188476562,1425.0255126953125
902.2076416015625,1415.125732421875
901.57373046875,1418.5394287109375
885.432373046875,1422.7332763671875
886.2614135742188,1459.79638671875
886.163818359375,1475.9383544921875
882.3601684570312,1476.8648681640625
886.212646484375,1470.37890625
882.9453125,1460.2353515625
894.8441162109375,1471.59814453125
888.0169067382812,1471.1591796875
888.2119750976562,1487.15478515625
884.1644897460938,1571.4244384765625
872.8509521484375,1575.2283935546875
889.1873168945312,1579.0809326171875
891.0404052734375,1592.6383056640625
897.0872802734375,1578.251953125
897.6237182617188,1574.1068115234375
898.6478271484375,1557.9647216796875
900.8909912109375,1555.672607421875
904.5484008789062,1559.7203369140625
915.6669311523438,1585.079345703125
907.3280029296875,1577.7642822265625
914.252685546875,1560.793212890625
923.371826171875,1558.452392578125
929.3699951171875,1568.791015625
916.9835815429688,1579.568603515625
907.62060546875,1567.474365234375
910.5465087890625,1573.1800537109375
899.866943359375,1571.4244384765625
899.3792724609375,1570.74169921875
908.8886108398438,1579.568603515625
906.9379272460938,1590.8338623046875
907.3280029296875,1603.2205810546875
909.9126586914062,1607.658447265625
898.9891967773438,1621.2645263671875
886.35888671875,1591.5653076171875
879.726806640625,1599.2218017578125
884.0669555664062,1604.196044921875
887.2367553710938,1593.1259765625
870.2175903320312,1577.71533203125
868.6571044921875,1572.3023681640625
857.197265625,1558.25732421875
871.1441040039062,1589.2733154296875
878.4102172851562,1590.882568359375
876.7521362304688,1589.61474609375
885.62744140625,1600.8311767578125
868.8521118164062,1588.00537109375
880.1657104492188,1588.5416259765625
879.0928955078125,1598.92919921875
876.8984375,1570.3515625
857.4411010742188,1560.2568359375
848.614501953125,1555.0875244140625
851.7842407226562,1558.1109619140625
840.08056640625,1529.631103515625
844.9083251953125,1551.673828125
839.3978881835938,1559.9642333984375
851.8818359375,1561.1834716796875
843.88427734375,1546.2119140625
843.7868041992188,1569.22998046875
848.0293579101562,1596.9296875
844.7620849609375,1603.56201171875
848.8583374023438,1619.9964599609375
850.175048828125,1631.846923828125
849.24853515625,1653.6947021484375
834.1799926757812,1607.9998779296875
797.020751953125,1575.9598388671875
803.1652221679688,1574.3505859375
811.3578491210938,1563.9630126953125
827.0115356445312,1587.420166015625
836.7158203125,1563.8167724609375
842.4700927734375,1617.8995361328125
832.6195068359375,1611.0234375
831.6929321289062,1613.4129638671875
837.8861083984375,1613.2178955078125
839.544189453125,1609.85302734375
832.7658081054688,1616.241455078125
829.6448974609375,1617.460693359375
843.93310546875,1632.43212890625
849.2972412109375,1629.1160888671875
847.9806518554688,1623.2152099609375
841.3485717773438,1615.0711669921875
831.0590209960938,1599.904541015625
833.107177734375,1605.90283203125
818.5263061523438,1574.399169921875
819.0139770507812,1563.71923828125
818.9652099609375,1549.7718505859375
835.2528686523438,1553.62451171875
833.7410278320312,1560.1593017578125
835.1552734375,1558.6475830078125
832.912109375,1545.3828125
847.1028442382812,1576.057373046875
846.322509765625,1587.1763916015625
850.5651245117188,1590.34619140625
834.8140258789062,1590.492431640625
821.8423461914062,1549.479248046875
807.9442749023438,1529.8748779296875
809.8461303710938,1525.7784423828125
805.5060424804688,1503.8819580078125
803.555419921875,1513.6353759765625
815.6004028320312,1533.873779296875
815.7954711914062,1523.2425537109375
831.3516235351562,1540.5059814453125
838.9590454101562,1536.9461669921875
834.3262939453125,1524.6080322265625
831.3516235351562,1522.169677734375
827.7429809570312,1528.802001953125
833.6435546875,1541.237548828125
829.9862060546875,1548.6502685546875
855.5880126953125,1569.864013671875
861.9761962890625,1570.8392333984375
862.7564697265625,1612.97412109375
853.3936157226562,1625.263427734375
847.0053100585938,1617.55810546875
860.1231689453125,1622.2886962890625
868.1694946289062,1643.3560791015625
876.8009033203125,1650.7198486328125
879.0441284179688,1625.5560302734375
874.7039794921875,1618.6798095703125
869.8762817382812,1624.62939453125
872.3145751953125,1630.6766357421875
863.7805786132812,1633.31005859375
882.408935546875,1646.52587890625
890.8941040039062,1623.11767578125
892.3570556640625,1630.5791015625
895.6730346679688,1639.55224609375
894.9904174804688,1645.9893798828125
899.3305053710938,1645.648193359375
900.0619506835938,1651.4027099609375
898.9403686523438,1685.1983642578125
904.060791015625,1585.5670166015625
914.7403564453125,1603.9033203125
911.3268432617188,1603.9522705078125
912.93603515625,1611.36474609375
916.00830078125,1612.437744140625
920.5921630859375,1626.677734375
922.3965454101562,1634.48046875
922.981689453125,1625.1085205078125
916.154541015625,1616.3775634765625
923.1279907226562,1622.83935546875
930.7353515625,1624.7138671875
926.8828735351562,1618.942626953125
929.857666015625,1615.1444091796875
917.4224853515625,1594.0328369140625
916.6422119140625,1587.916259765625
927.2243041992188,1594.0328369140625
924.7372436523438,1613.4674072265625
926.4927978515625,1614.7005615234375
925.7125854492188,1589.1494140625
912.9847412109375,1582.3917236328125
914.9841918945312,1584.8580322265625
923.371826171875,1582.786376953125
918.8366088867188,1577.853759765625
916.9835815429688,1586.0418701171875
914.7403564453125,1587.0283203125
914.8865966796875,1588.90283203125
912.8385009765625,1579.23486328125
920.2507934570312,1581.8984375
916.5934448242188,1580.1719970703125
903.7194213867188,1560.7374267578125
911.1317138671875,1581.1585693359375
900.3546142578125,1582.539794921875
902.6953125,1585.8446044921875
901.8663330078125,1613.5660400390625
902.8904418945312,1621.458251953125
900.6959228515625,1621.359619140625
904.5484008789062,1613.5167236328125
912.9847412109375,1636.2562255859375
914.3014526367188,1653.56982421875
911.5218505859375,1678.4796142578125
919.2755126953125,1696.6318359375
921.3724975585938,1704.9185791015625
934.3440551757812,1650.7581787109375
935.7095336914062,1652.435302734375
923.0304565429688,1638.031982421875
924.9810791015625,1634.1351318359375
921.6162719726562,1626.193603515625
921.0798950195312,1610.95166015625
932.100830078125,1618.991943359375
936.3433837890625,1622.34619140625
944.77978515625,1656.28271484375
951.3630981445312,1654.901611328125
949.4125366210938,1662.399169921875
971.0155639648438,1666.0
972.3810424804688,1653.1751708984375
967.5044555664062,1655.7894287109375
970.1378173828125,1673.7442626953125
971.8446044921875,1667.9237060546875
965.7977294921875,1650.6102294921875
971.6007690429688,1621.359619140625
973.6488647460938,1628.955810546875
969.991455078125,1639.8570556640625
962.5791625976562,1618.4000244140625
941.1712036132812,1606.709716796875
946.535400390625,1629.9423828125
951.5581665039062,1629.0052490234375
963.6045532226562,1627.6734619140625
964.397705078125,1628.2652587890625
955.87109375,1613.8126220703125
944.7171020507812,1596.992431640625
951.3599243164062,1589.1988525390625
948.3359375,1584.56201171875
943.5274047851562,1575.7821044921875
942.535888671875,1569.3201904296875
947.0470581054688,1568.0870361328125
943.8743896484375,1561.378662109375
958.5975952148438,1565.22607421875
960.6796875,1558.0245361328125
962.1173706054688,1540.4642333984375
962.2660522460938,1556.495361328125
959.4899291992188,1568.8763427734375
950.7155151367188,1557.4324951171875
950.5667724609375,1550.2801513671875
960.4318237304688,1553.4864501953125
959.0933227539062,1563.203857421875
960.1343994140625,1553.683837890625
949.3274536132812,1574.0062255859375
957.4078979492188,1589.1494140625
962.2660522460938,1601.5303955078125
969.9003295898438,1609.8172607421875
982.0457763671875,1614.8485107421875
981.3517456054688,1621.7542724609375
979.2696533203125,1620.7677001953125
983.9791259765625,1639.36376953125
981.7483520507812,1607.1043701171875
978.724365234375,1542.6346435546875
951.112060546875,1532.424072265625
942.1888427734375,1509.0433349609375
948.1871948242188,1510.3751220703125
940.6025390625,1516.935546875
935.05029296875,1506.281005859375
934.5545654296875,1503.1734619140625
943.7752685546875,1505.738525390625
932.2742309570312,1487.734375
922.1116943359375,1508.9447021484375
932.8195190429688,1515.0611572265625
937.1324462890625,1513.3841552734375
930.5887451171875,1495.8238525390625
943.0812377929688,1504.3079833984375
944.9649658203125,1518.8592529296875
946.1051635742188,1528.97119140625
943.1803588867188,1515.0611572265625
943.279541015625,1508.9940185546875
945.7581787109375,1520.437744140625
935.6947631835938,1499.2767333984375
927.7630615234375,1494.5413818359375
924.7886962890625,1502.28564453125
922.0125732421875,1485.7613525390625
908.28076171875,1476.3399658203125
900.8944091796875,1443.6859130859375
904.9594116210938,1449.3583984375
917.0056762695312,1465.093505859375
907.5371704101562,1456.609375
906.248291015625,1454.6363525390625
912.0979614257812,1456.85595703125
925.8297119140625,1463.76171875
937.3803100585938,1474.3668212890625
940.0076293945312,1467.2144775390625
927.7630615234375,1471.4566650390625
929.349365234375,1465.6361083984375
930.5887451171875,1471.4072265625
926.4741821289062,1468.74365234375
933.0673828125,1484.133544921875
928.0109252929688,1488.0302734375
913.981689453125,1484.8240966796875
913.5851440429688,1484.9227294921875
918.1954345703125,1497.5008544921875
914.8740234375,1492.1737060546875
915.1218872070312,1500.805908203125
921.46728515625,1511.4603271484375
917.6005859375,1508.056884765625
931.5802001953125,1538.14599609375
926.9699096679688,1537.8006591796875
938.61962890625,1534.446533203125
982.7398071289062,1587.718994140625
1004.7998657226562,1601.8262939453125
994.6869506835938,1605.8712158203125
990.4732055664062,1608.4853515625
1002.2220458984375,1630.928955078125
1008.418701171875,1628.758544921875
1007.0307006835938,1612.5794677734375
1005.2460327148438,1608.9293212890625
1024.8275146484375,1627.9200439453125
1028.5455322265625,1634.23388671875
1012.7316284179688,1633.395263671875
1006.7828369140625,1630.633056640625
998.0579223632812,1634.677734375
995.8271484375,1663.9775390625
985.8132934570312,1648.3411865234375
986.6064453125,1659.784912109375
993.6954956054688,1680.3541259765625
997.3143310546875,1682.2777099609375
988.0936889648438,1686.223876953125
990.8698120117188,1675.2239990234375
973.8661499023438,1676.2105712890625
975.6508178710938,1650.363525390625
978.724365234375,1668.07177734375
985.2184448242188,1659.5382080078125
973.6182861328125,1641.040771484375
971.3875122070312,1628.2652587890625
984.573974609375,1633.641845703125
982.6902465820312,1626.7855224609375
994.934814453125,1619.090576171875
1001.2305908203125,1650.264892578125
1000.4374389648438,1656.5294189453125
973.3704223632812,1516.78759765625
977.93115234375,1466.12939453125
990.6715087890625,1450.838134765625
1020.2667846679688,1408.1214599609375
990.6715087890625,1436.286865234375
1001.3297729492188,1415.56982421875
1007.7247314453125,1435.0537109375
1008.220458984375,1424.8431396484375
1019.3744506835938,1442.8472900390625
1016.4000244140625,1446.5960693359375
1015.2598266601562,1426.668212890625
1014.7640991210938,1425.3857421875
1017.6393432617188,1424.645751953125
1013.4256591796875,1410.6864013671875
980.8560180664062,1384.14892578125
1002.0733642578125,1384.69140625
987.5979614257812,1371.274658203125
1011.0956420898438,1375.6646728515625
1013.970947265625,1365.40478515625
1007.9725952148438,1395.000732421875
1014.5162353515625,1400.7718505859375
1034.84130859375,1398.009521484375
1039.798583984375,1434.70849609375
1042.97119140625,1419.7625732421875
1053.6295166015625,1400.4266357421875
1052.241455078125,1401.46240234375
1045.2020263671875,1403.1395263671875
1051.1507568359375,1401.0185546875
1037.270263671875,1390.413330078125
1043.2191162109375,1384.494140625
1077.6229248046875,1411.4757080078125
1083.0263671875,1413.3994140625
1078.76318359375,1421.4395751953125
1087.73583984375,1423.166015625
1078.6639404296875,1426.618896484375
1069.492919921875,1408.5654296875
1067.65869140625,1439.8876953125
1074.6981201171875,1440.726318359375
1074.35107421875,1435.8428955078125
1071.1287841796875,1433.0806884765625
1071.9715576171875,1426.569580078125
1074.6981201171875,1429.8250732421875
1075.243408203125,1411.771728515625
1072.5665283203125,1426.2735595703125
1080.9940185546875,1423.41259765625
1074.4501953125,1406.19775390625
1074.4998779296875,1421.2916259765625
1083.9683837890625,1428.3946533203125
1090.26416015625,1450.690185546875
1071.9715576171875,1460.210205078125
1068.0057373046875,1462.331298828125
1069.6416015625,1507.02099609375
1074.15283203125,1528.67529296875
1077.870849609375,1525.7650146484375
1097.60107421875,1527.688720703125
1099.930908203125,1515.653076171875
1094.9736328125,1498.4874267578125
1069.1458740234375,1474.5640869140625
1057.9423828125,1488.918212890625
1046.4412841796875,1474.5640869140625
1058.140625,1510.671142578125
1077.3751220703125,1491.828369140625
1080.9443359375,1487.2904052734375
1087.388916015625,1491.3350830078125
1104.2437744140625,1490.39794921875
1098.4437255859375,1489.4608154296875
1150.247802734375,1508.8953857421875
1140.5809326171875,1499.6219482421875
1129.724365234375,1511.6082763671875
1132.30224609375,1499.128662109375
1136.5159912109375,1502.1376953125
1122.2388916015625,1485.8599853515625
1113.414794921875,1462.676513671875
1106.1771240234375,1428.0
1107.515625,1437.9000244140625
1118.3721923828125,1455.25
1110.98583984375,1460.949951171875
1114.7532958984375,1438.5
1121.3961181640625,1460.25
1120.850830078125,1464.0999755859375
1111.38232421875,1458.800048828125
1101.6163330078125,1459.199951171875
1124.816650390625,1492.5999755859375
1122.288330078125,1517.199951171875
1120.1568603515625,1527.699951171875
1117.3310546875,1530.5
1092.5941162109375,1508.300048828125
1104.1942138671875,1514.8499755859375
1111.4815673828125,1531.550048828125
1150.0989990234375,1572.199951171875
1062.3048095703125,1483.1500244140625
1099.1873779296875,1551.800048828125
1100.92236328125,1559.699951171875
1112.1258544921875,1573.3499755859375
1114.2080078125,1561.300048828125
1108.65576171875,1564.800048828125
1109.994384765625,1574.1500244140625
1097.8984375,1580.75
1096.212890625,1596.9000244140625
1113.26611328125,1607.800048828125
1134.681640625,1657.8499755859375
1146.9263916015625,1669.3499755859375
1148.7606201171875,1665.75
1160.11279296875,1672.4000244140625
1187.72509765625,1711.3499755859375
1207.60400390625,1701.5
1209.48779296875,1696.1500244140625
1189.3609619140625,1683.800048828125
1201.5064697265625,1705.199951171875
1180.4378662109375,1730.5999755859375
1191.3438720703125,1768.6500244140625
1222.4759521484375,1727.1500244140625
1222.87255859375,1648.0999755859375
1224.508544921875,1635.3499755859375
1237.5958251953125,1636.5
1232.5888671875,1626.0999755859375
1227.87939453125,1621.9000244140625
1222.3768310546875,1622.699951171875
1219.451904296875,1622.0999755859375
1229.3170166015625,1619.75
1239.6282958984375,1614.800048828125
1237.992431640625,1607.300048828125
1230.556396484375,1642.550048828125
1216.279296875,1618.4000244140625
1212.561279296875,1604.050048828125
1187.675537109375,1616.5999755859375
1196.8961181640625,1618.1500244140625
1202.34912109375,1605.050048828125
1199.126953125,1615.550048828125
1204.530517578125,1615.75
1199.7713623046875,1638.800048828125
1186.337158203125,1659.1500244140625
1162.5914306640625,1615.75
1156.8905029296875,1601.199951171875
1162.4427490234375,1623.5
1154.6597900390625,1642.699951171875
1161.5999755859375,1650.199951171875
1172.800048828125,1660.0999755859375
1168.3499755859375,1603.199951171875
1161.6500244140625,1607.800048828125
1187.25,1632.0999755859375
1175.9000244140625,1631.550048828125
1179.449951171875,1637.699951171875
1174.8499755859375,1625.800048828125
1191.0999755859375,1631.300048828125
1203.5,1625.050048828125
1213.300048828125,1639.949951171875
1226.3499755859375,1637.75
1223.8499755859375,1637.0999755859375
1221.9000244140625,1638.550048828125
1229.199951171875,1636.9000244140625
1229.949951171875,1626.949951171875
1247.699951171875,1637.3499755859375
1236.3499755859375,1641.800048828125
1235.949951171875,1645.449951171875
1208.1500244140625,1636.949951171875
1235.0,1646.5
1237.300048828125,1650.3499755859375
1236.3499755859375,1643.9000244140625
1252.1500244140625,1666.5999755859375
1250.3499755859375,1665.949951171875
1262.8499755859375,1670.949951171875
1268.0999755859375,1668.800048828125
1288.3499755859375,1694.800048828125
1292.0,1708.5
1338.449951171875,1741.199951171875
1321.9000244140625,1759.800048828125
1318.5999755859375,1768.050048828125
1323.8499755859375,1779.0999755859375
1329.050048828125,1783.449951171875
1306.5999755859375,1752.6500244140625
1273.0,1732.050048828125
1274.4000244140625,1726.199951171875
1256.3499755859375,1682.0
1239.75,1657.6500244140625
1233.9000244140625,1617.800048828125
1236.5999755859375,1651.050048828125
1244.1500244140625,1633.1500244140625
1243.5,1662.4000244140625
1223.0,1651.0
1231.75,1688.0999755859375
1255.5,1684.0999755859375
1243.1500244140625,1699.800048828125
1231.25,1673.1500244140625
1264.5,1681.8499755859375
1259.050048828125,1728.699951171875
1267.5,1714.550048828125
1251.5999755859375,1735.800048828125
1252.75,1749.6500244140625
1255.449951171875,1743.4000244140625
1292.8499755859375,1734.199951171875
1331.8499755859375,1751.8499755859375
1312.1500244140625,1734.5999755859375
1292.25,1735.699951171875
1291.800048828125,1737.300048828125
1277.199951171875,1714.0999755859375
1296.699951171875,1757.8499755859375
1302.3499755859375,1755.25
1278.699951171875,1746.550048828125
1256.3499755859375,1756.0
